Model,Accel,Trials,batchsize,50th_pct,90th_pct,avg_latency(ms),Min,Max,Accuracy,Normalized_Accuracy
roberta-base,onnxruntime_gpu_pascal,1000,1,10.30421257019043,10.997533798217773,10.875782489776611,8.881092071533203,495.7404136657715,94.8,97.93388429752066
roberta-base,onnxruntime_gpu_pascal,1000,2,10.679483413696289,11.140108108520508,10.729105234146118,9.710073471069336,16.251325607299805,94.8,97.93388429752066
roberta-base,onnxruntime_gpu_pascal,1000,4,11.274576187133789,11.511087417602539,11.274880170822144,10.393381118774414,22.98569679260254,94.8,97.93388429752066
roberta-base,onnxruntime_gpu_pascal,1000,8,11.290550231933594,11.46388053894043,11.314750909805298,10.267496109008789,40.081024169921875,94.8,97.93388429752066
roberta-base,onnxruntime_gpu_pascal,1000,16,11.292457580566406,11.481761932373047,11.263953924179077,10.307788848876953,16.448497772216797,94.8,97.93388429752066
roberta-large,onnxruntime_gpu_pascal,1000,1,19.586801528930664,19.901514053344727,19.565450429916382,18.52703094482422,25.210142135620117,96.4,99.58677685950414
roberta-large,onnxruntime_gpu_pascal,1000,2,20.56097984313965,20.874977111816406,20.51974606513977,19.105195999145508,26.369333267211914,96.4,99.58677685950414
roberta-large,onnxruntime_gpu_pascal,1000,4,21.914958953857422,22.211074829101562,21.884324312210083,20.60413360595703,32.14216232299805,96.4,99.58677685950414
roberta-large,onnxruntime_gpu_pascal,1000,8,21.226167678833008,21.693706512451172,21.344949960708618,20.285606384277344,58.63595008850098,96.4,99.58677685950414
roberta-large,onnxruntime_gpu_pascal,1000,16,21.276473999023438,21.62456512451172,21.29478693008423,20.10488510131836,28.612852096557617,96.4,99.58677685950414
albert-base-v2,onnxruntime_gpu_pascal,1000,1,11.165142059326172,11.372089385986328,11.188470363616943,10.346412658691406,31.815052032470703,92.9,95.9710743801653
albert-base-v2,onnxruntime_gpu_pascal,1000,2,11.753559112548828,11.957883834838867,11.778088569641113,11.33418083190918,16.26300811767578,92.9,95.9710743801653
albert-base-v2,onnxruntime_gpu_pascal,1000,4,12.353181838989258,12.591838836669922,12.37805700302124,11.461257934570312,27.651548385620117,92.9,95.9710743801653
albert-base-v2,onnxruntime_gpu_pascal,1000,8,12.27116584777832,12.527704238891602,12.286426782608032,11.713743209838867,15.332221984863281,92.9,95.9710743801653
albert-base-v2,onnxruntime_gpu_pascal,1000,16,12.24064826965332,12.495279312133789,12.259120464324951,11.696100234985352,16.836881637573242,92.9,95.9710743801653
albert-large-v2,onnxruntime_gpu_pascal,1000,1,21.74854278564453,22.124052047729492,21.789913654327393,20.854949951171875,25.582075119018555,94.9,98.03719008264463
albert-large-v2,onnxruntime_gpu_pascal,1000,2,22.73392677307129,23.090124130249023,22.773240089416504,21.819353103637695,34.194231033325195,94.9,98.03719008264463
albert-large-v2,onnxruntime_gpu_pascal,1000,4,23.96392822265625,24.308204650878906,23.99917960166931,23.316621780395508,29.435396194458008,94.9,98.03719008264463
albert-large-v2,onnxruntime_gpu_pascal,1000,8,23.758888244628906,24.05714988708496,23.885965585708618,23.169755935668945,83.35185050964355,94.9,98.03719008264463
albert-large-v2,onnxruntime_gpu_pascal,1000,16,24.03879165649414,24.371862411499023,24.054009914398193,22.43518829345703,35.552978515625,94.9,98.03719008264463
albert-xlarge-v2,onnxruntime_gpu_pascal,1000,1,21.919965744018555,22.246599197387695,21.95506453514099,21.204233169555664,27.84585952758789,95.4,98.55371900826448
albert-xlarge-v2,onnxruntime_gpu_pascal,1000,2,30.8990478515625,31.058549880981445,30.826348066329956,22.751808166503906,41.71013832092285,95.4,98.55371900826448
albert-xlarge-v2,onnxruntime_gpu_pascal,1000,4,55.36365509033203,55.971622467041016,55.29294204711914,25.388240814208984,66.45798683166504,95.4,98.55371900826448
albert-xlarge-v2,onnxruntime_gpu_pascal,1000,8,54.13055419921875,54.8253059387207,54.05517816543579,24.667739868164062,64.02802467346191,95.4,98.55371900826448
albert-xlarge-v2,onnxruntime_gpu_pascal,1000,16,84.77115631103516,85.0229263305664,84.60731387138367,25.223731994628906,92.30399131774902,95.4,98.55371900826448
albert-xxlarge-v2,onnxruntime_gpu_pascal,1000,1,29.720067977905273,29.813766479492188,29.60798978805542,11.208295822143555,31.024456024169922,96.8,100.0
albert-xxlarge-v2,onnxruntime_gpu_pascal,1000,2,58.70771408081055,58.866262435913086,58.521363735198975,11.929035186767578,61.121225357055664,96.8,100.0
albert-xxlarge-v2,onnxruntime_gpu_pascal,1000,4,111.48285865783691,112.80059814453125,111.26495265960693,12.544870376586914,115.18430709838867,96.8,100.0
albert-xxlarge-v2,onnxruntime_gpu_pascal,1000,8,116.39904975891113,117.51580238342285,116.12459778785706,13.077974319458008,119.36450004577637,96.8,100.0
albert-xxlarge-v2,onnxruntime_gpu_pascal,1000,16,163.9692783355713,165.49372673034668,163.4385678768158,12.401580810546875,167.82116889953613,96.8,100.0
bert-base-uncased,onnxruntime_gpu_pascal,1000,1,9.78398323059082,10.03408432006836,9.801995515823364,9.151697158813477,14.369487762451172,93.5,96.5909090909091
bert-base-uncased,onnxruntime_gpu_pascal,1000,2,10.360002517700195,10.641098022460938,10.366493463516235,9.570837020874023,14.2822265625,93.5,96.5909090909091
bert-base-uncased,onnxruntime_gpu_pascal,1000,4,10.773181915283203,11.077880859375,10.780329465866089,9.733200073242188,19.78158950805664,93.5,96.5909090909091
bert-base-uncased,onnxruntime_gpu_pascal,1000,8,10.758399963378906,11.069297790527344,10.765459537506104,10.09988784790039,14.020204544067383,93.5,96.5909090909091
bert-base-uncased,onnxruntime_gpu_pascal,1000,16,10.805606842041016,11.096715927124023,10.80813980102539,9.777545928955078,15.269756317138672,93.5,96.5909090909091
bert-large-uncased,onnxruntime_gpu_pascal,1000,1,19.1497802734375,19.466400146484375,19.168926000595093,18.23568344116211,25.014638900756836,94.9,98.03719008264463
bert-large-uncased,onnxruntime_gpu_pascal,1000,2,20.2023983001709,20.526647567749023,20.226088762283325,19.057035446166992,25.942087173461914,94.9,98.03719008264463
bert-large-uncased,onnxruntime_gpu_pascal,1000,4,21.325111389160156,21.69632911682129,21.350852012634277,20.008563995361328,25.93994140625,94.9,98.03719008264463
bert-large-uncased,onnxruntime_gpu_pascal,1000,8,21.287202835083008,21.671056747436523,21.315109729766846,20.264148712158203,25.723695755004883,94.9,98.03719008264463
bert-large-uncased,onnxruntime_gpu_pascal,1000,16,21.368980407714844,21.697998046875,21.4120135307312,20.520925521850586,33.2794189453125,94.9,98.03719008264463
roberta-base,onnxruntime_cpu,100,1,45.046091079711914,47.868967056274414,45.268962383270264,39.528846740722656,57.37805366516113,94.8,97.93388429752066
roberta-base,onnxruntime_cpu,100,2,46.671152114868164,51.77593231201172,46.91284894943237,39.76917266845703,58.49814414978027,94.8,97.93388429752066
roberta-base,onnxruntime_cpu,100,4,41.28718376159668,45.87697982788086,41.55599594116211,35.195112228393555,55.32693862915039,94.8,97.93388429752066
roberta-base,onnxruntime_cpu,100,8,41.612863540649414,45.03202438354492,42.113516330718994,38.301944732666016,53.93099784851074,94.8,97.93388429752066
roberta-base,onnxruntime_cpu,100,16,62.658071517944336,65.37485122680664,63.05138111114501,59.79418754577637,79.61106300354004,94.8,97.93388429752066
roberta-large,onnxruntime_cpu,100,1,115.19694328308105,119.72665786743164,115.44355869293213,108.06703567504883,140.42305946350098,96.4,99.58677685950414
roberta-large,onnxruntime_cpu,100,2,114.55512046813965,122.41482734680176,115.37687540054321,103.4090518951416,149.65581893920898,96.4,99.58677685950414
roberta-large,onnxruntime_cpu,100,4,93.98794174194336,98.19293022155762,94.98849630355835,91.54486656188965,133.544921875,96.4,99.58677685950414
roberta-large,onnxruntime_cpu,100,8,125.18000602722168,127.89297103881836,125.91924190521239,122.66993522644043,164.4878387451172,96.4,99.58677685950414
roberta-large,onnxruntime_cpu,100,16,166.9309139251709,172.7609634399414,168.98339986801147,165.56310653686523,242.81597137451172,96.4,99.58677685950414
albert-base-v2,onnxruntime_cpu,100,1,54.985761642456055,57.8000545501709,55.08516311645508,47.88684844970703,90.06404876708984,92.9,95.9710743801653
albert-base-v2,onnxruntime_cpu,100,2,65.46783447265625,71.40517234802246,64.34451580047607,46.53811454772949,75.1338005065918,92.9,95.9710743801653
albert-base-v2,onnxruntime_cpu,100,4,45.736074447631836,51.82790756225586,45.90965032577515,36.84091567993164,58.08424949645996,92.9,95.9710743801653
albert-base-v2,onnxruntime_cpu,100,8,42.636871337890625,47.019004821777344,43.42284440994263,39.43490982055664,55.83071708679199,92.9,95.9710743801653
albert-base-v2,onnxruntime_cpu,100,16,63.721418380737305,65.6270980834961,63.83257150650025,60.95099449157715,73.87900352478027,92.9,95.9710743801653
albert-large-v2,onnxruntime_cpu,100,1,130.71918487548828,138.38887214660645,131.59054040908813,122.88689613342285,156.26978874206543,94.9,98.03719008264463
albert-large-v2,onnxruntime_cpu,100,2,129.75382804870605,139.39189910888672,130.7040238380432,112.3049259185791,149.73115921020508,94.9,98.03719008264463
albert-large-v2,onnxruntime_cpu,100,4,98.44589233398438,101.49908065795898,98.78872871398926,95.08609771728516,116.90378189086914,94.9,98.03719008264463
albert-large-v2,onnxruntime_cpu,100,8,129.79674339294434,134.66811180114746,130.5055069923401,126.63984298706055,143.45121383666992,94.9,98.03719008264463
albert-large-v2,onnxruntime_cpu,100,16,174.32212829589844,180.68289756774902,175.45766830444336,168.97892951965332,211.31610870361328,94.9,98.03719008264463
albert-xlarge-v2,onnxruntime_cpu,100,1,303.96389961242676,316.84398651123047,304.38071966171265,271.7750072479248,324.5091438293457,95.4,98.55371900826448
albert-xlarge-v2,onnxruntime_cpu,100,2,299.70598220825195,305.1409721374512,299.4300580024719,272.85313606262207,321.1970329284668,95.4,98.55371900826448
albert-xlarge-v2,onnxruntime_cpu,100,4,280.23600578308105,285.20917892456055,280.9945511817932,272.3519802093506,309.4358444213867,95.4,98.55371900826448
albert-xlarge-v2,onnxruntime_cpu,100,8,349.11489486694336,358.1888675689697,341.02079153060913,315.20891189575195,362.9262447357178,95.4,98.55371900826448
albert-xlarge-v2,onnxruntime_cpu,100,16,488.40880393981934,494.4648742675781,483.799204826355,436.9802474975586,502.02012062072754,95.4,98.55371900826448
albert-xxlarge-v2,onnxruntime_cpu,100,1,400.3262519836426,407.6669216156006,401.282958984375,391.2200927734375,435.13011932373047,96.8,100.0
albert-xxlarge-v2,onnxruntime_cpu,100,2,409.18612480163574,413.4407043457031,409.0188241004944,393.83983612060547,455.826997756958,96.8,100.0
albert-xxlarge-v2,onnxruntime_cpu,100,4,422.2290515899658,426.7709255218506,422.3136496543884,412.7957820892334,453.9752006530762,96.8,100.0
albert-xxlarge-v2,onnxruntime_cpu,100,8,550.6939888000488,555.156946182251,550.0251460075378,528.7690162658691,573.5518932342529,96.8,100.0
albert-xxlarge-v2,onnxruntime_cpu,100,16,738.861083984375,747.5602626800537,740.1989507675171,729.9079895019531,785.365104675293,96.8,100.0
bert-base-uncased,onnxruntime_cpu,100,1,50.3697395324707,52.78825759887695,50.8919620513916,46.836137771606445,76.09295845031738,93.5,96.5909090909091
bert-base-uncased,onnxruntime_cpu,100,2,46.511173248291016,53.11298370361328,47.46143579483032,39.62898254394531,61.09905242919922,93.5,96.5909090909091
bert-base-uncased,onnxruntime_cpu,100,4,42.29617118835449,48.39205741882324,42.63235092163086,35.64310073852539,58.51411819458008,93.5,96.5909090909091
bert-base-uncased,onnxruntime_cpu,100,8,40.12703895568848,41.471004486083984,40.30158996582031,37.930965423583984,52.721261978149414,93.5,96.5909090909091
bert-base-uncased,onnxruntime_cpu,100,16,61.29789352416992,63.68684768676758,61.78568124771118,58.14719200134277,81.59208297729492,93.5,96.5909090909091
bert-large-uncased,onnxruntime_cpu,100,1,100.55804252624512,104.45165634155273,101.86692714691162,98.18482398986816,138.94391059875488,94.9,98.03719008264463
bert-large-uncased,onnxruntime_cpu,100,2,112.26010322570801,117.63787269592285,112.78756856918335,104.12216186523438,153.245210647583,94.9,98.03719008264463
bert-large-uncased,onnxruntime_cpu,100,4,93.40381622314453,96.48680686950684,94.27907705307007,90.78788757324219,144.7770595550537,94.9,98.03719008264463
bert-large-uncased,onnxruntime_cpu,100,8,123.78621101379395,125.52928924560547,124.39349412918091,121.17910385131836,166.48507118225098,94.9,98.03719008264463
bert-large-uncased,onnxruntime_cpu,100,16,170.3948974609375,174.96204376220703,171.99418544769287,164.32881355285645,242.98906326293945,94.9,98.03719008264463
roberta-base,onnxruntime_gpu_ampere,100,1,14.158010482788086,14.606237411499023,19.425437450408936,13.931035995483398,532.050371170044,94.8,97.93388429752066
roberta-base,onnxruntime_gpu_ampere,100,2,15.346527099609375,15.760421752929688,15.429074764251709,15.106439590454102,17.741680145263672,94.8,97.93388429752066
roberta-base,onnxruntime_gpu_ampere,100,4,15.415191650390625,15.843868255615234,15.513725280761719,15.194892883300781,18.56231689453125,94.8,97.93388429752066
roberta-base,onnxruntime_gpu_ampere,100,8,15.563011169433594,15.895605087280273,15.655667781829836,15.270233154296875,19.74630355834961,94.8,97.93388429752066
roberta-base,onnxruntime_gpu_ampere,100,16,16.510963439941406,17.049789428710938,16.64543390274048,16.243696212768555,19.234180450439453,94.8,97.93388429752066
roberta-large,onnxruntime_gpu_ampere,100,1,27.982473373413086,28.749942779541016,28.019721508026123,27.075767517089844,29.4954776763916,96.4,99.58677685950414
roberta-large,onnxruntime_gpu_ampere,100,2,30.171632766723633,30.968189239501953,30.21836519241333,28.912067413330078,32.614707946777344,96.4,99.58677685950414
roberta-large,onnxruntime_gpu_ampere,100,4,30.78436851501465,31.485319137573242,30.807626247406006,29.56366539001465,34.021615982055664,96.4,99.58677685950414
roberta-large,onnxruntime_gpu_ampere,100,8,30.514240264892578,31.11886978149414,30.931568145751953,29.40964698791504,70.21212577819824,96.4,99.58677685950414
roberta-large,onnxruntime_gpu_ampere,100,16,30.282974243164062,30.97391128540039,30.50983190536499,29.21891212463379,54.09884452819824,96.4,99.58677685950414
albert-base-v2,onnxruntime_gpu_ampere,100,1,16.180038452148438,16.594409942626953,16.32566213607788,15.891075134277344,27.317285537719727,92.9,95.9710743801653
albert-base-v2,onnxruntime_gpu_ampere,100,2,17.403841018676758,17.82679557800293,17.547855377197266,17.055988311767578,28.381824493408203,92.9,95.9710743801653
albert-base-v2,onnxruntime_gpu_ampere,100,4,17.520666122436523,17.939329147338867,17.57009267807007,17.18306541442871,18.718242645263672,92.9,95.9710743801653
albert-base-v2,onnxruntime_gpu_ampere,100,8,18.453359603881836,18.931865692138672,18.52609872817993,18.10169219970703,21.195411682128906,92.9,95.9710743801653
albert-base-v2,onnxruntime_gpu_ampere,100,16,18.503665924072266,19.042015075683594,18.59184741973877,18.169403076171875,20.058155059814453,92.9,95.9710743801653
albert-large-v2,onnxruntime_gpu_ampere,100,1,31.88610076904297,32.393693923950195,31.8619441986084,30.879974365234375,32.81068801879883,94.9,98.03719008264463
albert-large-v2,onnxruntime_gpu_ampere,100,2,33.73074531555176,34.17038917541504,33.660244941711426,32.655954360961914,35.78829765319824,94.9,98.03719008264463
albert-large-v2,onnxruntime_gpu_ampere,100,4,34.42525863647461,34.813642501831055,34.396936893463135,33.194541931152344,36.50355339050293,94.9,98.03719008264463
albert-large-v2,onnxruntime_gpu_ampere,100,8,34.230947494506836,34.73925590515137,34.36590909957886,33.24580192565918,45.29833793640137,94.9,98.03719008264463
albert-large-v2,onnxruntime_gpu_ampere,100,16,34.52110290527344,35.040855407714844,34.520909786224365,33.568382263183594,38.2230281829834,94.9,98.03719008264463
albert-xlarge-v2,onnxruntime_gpu_ampere,100,1,32.35912322998047,33.02621841430664,32.33407497406006,31.27765655517578,34.00373458862305,95.4,98.55371900826448
albert-xlarge-v2,onnxruntime_gpu_ampere,100,2,34.32607650756836,34.76715087890625,34.261794090270996,33.13088417053223,36.543846130371094,95.4,98.55371900826448
albert-xlarge-v2,onnxruntime_gpu_ampere,100,4,34.71183776855469,35.22610664367676,34.621241092681885,33.21433067321777,36.370038986206055,95.4,98.55371900826448
albert-xlarge-v2,onnxruntime_gpu_ampere,100,8,34.58738327026367,35.11166572570801,34.55496549606323,33.423662185668945,37.78266906738281,95.4,98.55371900826448
albert-xlarge-v2,onnxruntime_gpu_ampere,100,16,34.80339050292969,35.561323165893555,34.79288578033447,33.44559669494629,42.397260665893555,95.4,98.55371900826448
albert-xxlarge-v2,onnxruntime_gpu_ampere,100,1,17.51255989074707,18.027067184448242,17.55141019821167,16.66402816772461,19.556522369384766,96.8,100.0
albert-xxlarge-v2,onnxruntime_gpu_ampere,100,2,17.670631408691406,18.033981323242188,17.683544158935547,17.25029945373535,19.428253173828125,96.8,100.0
albert-xxlarge-v2,onnxruntime_gpu_ampere,100,4,17.671585083007812,18.174171447753906,17.746801376342773,17.235279083251953,19.767284393310547,96.8,100.0
albert-xxlarge-v2,onnxruntime_gpu_ampere,100,8,28.905868530273438,29.24036979675293,28.226017951965332,17.28200912475586,29.47258949279785,96.8,100.0
albert-xxlarge-v2,onnxruntime_gpu_ampere,100,16,48.47002029418945,48.642635345458984,47.30920076370239,17.84038543701172,49.17597770690918,96.8,100.0
bert-base-uncased,onnxruntime_gpu_ampere,100,1,14.409542083740234,14.81485366821289,14.549458026885986,14.173507690429688,21.90995216369629,93.5,96.5909090909091
bert-base-uncased,onnxruntime_gpu_ampere,100,2,15.328645706176758,15.633821487426758,15.38187026977539,15.104293823242188,17.28034019470215,93.5,96.5909090909091
bert-base-uncased,onnxruntime_gpu_ampere,100,4,15.42806625366211,15.840768814086914,15.531041622161865,15.177249908447266,18.58353614807129,93.5,96.5909090909091
bert-base-uncased,onnxruntime_gpu_ampere,100,8,15.45572280883789,15.732049942016602,15.485115051269531,15.18392562866211,17.41313934326172,93.5,96.5909090909091
bert-base-uncased,onnxruntime_gpu_ampere,100,16,15.594959259033203,15.963554382324219,15.668427944183348,15.33818244934082,17.4710750579834,93.5,96.5909090909091
bert-large-uncased,onnxruntime_gpu_ampere,100,1,28.22136878967285,28.865814208984375,28.229286670684814,27.253389358520508,29.94680404663086,94.9,98.03719008264463
bert-large-uncased,onnxruntime_gpu_ampere,100,2,30.165910720825195,30.858278274536133,30.169246196746826,28.60546112060547,32.97090530395508,94.9,98.03719008264463
bert-large-uncased,onnxruntime_gpu_ampere,100,4,30.15422821044922,30.626296997070312,30.158250331878662,29.206037521362305,33.30707550048828,94.9,98.03719008264463
bert-large-uncased,onnxruntime_gpu_ampere,100,8,30.574560165405273,31.061410903930664,30.54271936416626,29.574155807495117,33.5695743560791,94.9,98.03719008264463
bert-large-uncased,onnxruntime_gpu_ampere,100,16,30.502796173095703,31.060457229614258,30.503640174865723,29.437780380249023,33.54144096374512,94.9,98.03719008264463
prajjwal1/bert-tiny,onnxruntime_gpu_pascal,1000,1,1.7256736755371094,1.7478466033935547,2.171635627746582,1.707315444946289,438.14802169799805,83.2,85.9504132231405
prajjwal1/bert-tiny,onnxruntime_gpu_pascal,1000,2,1.8322467803955078,1.8470287322998047,1.8460073471069336,1.8138885498046875,5.882501602172852,83.2,85.9504132231405
prajjwal1/bert-tiny,onnxruntime_gpu_pascal,1000,4,1.9326210021972656,1.9659996032714844,1.9479930400848389,1.9147396087646484,6.047248840332031,83.2,85.9504132231405
prajjwal1/bert-tiny,onnxruntime_gpu_pascal,1000,8,1.934051513671875,1.9452571868896484,1.9431045055389404,1.9161701202392578,6.056547164916992,83.2,85.9504132231405
prajjwal1/bert-tiny,onnxruntime_gpu_pascal,1000,16,1.9423961639404297,1.9562244415283203,1.948028564453125,1.9240379333496094,3.408670425415039,83.2,85.9504132231405
prajjwal1/bert-mini,onnxruntime_gpu_pascal,1000,1,1.7390251159667969,1.7528533935546875,1.7483446598052979,1.7206668853759766,5.072116851806641,85.9,88.7396694214876
prajjwal1/bert-mini,onnxruntime_gpu_pascal,1000,2,1.844167709350586,1.861572265625,1.8524115085601807,1.8279552459716797,4.418134689331055,85.9,88.7396694214876
prajjwal1/bert-mini,onnxruntime_gpu_pascal,1000,4,1.9350051879882812,1.9495487213134766,1.9424209594726562,1.9176006317138672,4.589080810546875,85.9,88.7396694214876
prajjwal1/bert-mini,onnxruntime_gpu_pascal,1000,8,1.9421577453613281,1.9595623016357422,1.950561761856079,1.922607421875,4.601716995239258,85.9,88.7396694214876
prajjwal1/bert-mini,onnxruntime_gpu_pascal,1000,16,1.9452571868896484,1.9576549530029297,1.9552621841430664,1.93023681640625,6.780862808227539,85.9,88.7396694214876
prajjwal1/bert-small,onnxruntime_gpu_pascal,1000,1,1.749277114868164,1.768350601196289,1.7563047409057617,1.73187255859375,2.787351608276367,89.7,92.66528925619836
prajjwal1/bert-small,onnxruntime_gpu_pascal,1000,2,1.8463134765625,1.8587112426757812,1.8543236255645752,1.829385757446289,5.109071731567383,89.7,92.66528925619836
prajjwal1/bert-small,onnxruntime_gpu_pascal,1000,4,1.9350051879882812,1.9516944885253906,1.9438412189483643,1.9154548645019531,4.511356353759766,89.7,92.66528925619836
prajjwal1/bert-small,onnxruntime_gpu_pascal,1000,8,1.9385814666748047,1.950979232788086,1.9462361335754395,1.9190311431884766,4.585027694702148,89.7,92.66528925619836
prajjwal1/bert-small,onnxruntime_gpu_pascal,1000,16,1.9412040710449219,1.9712448120117188,1.9503741264343262,1.9245147705078125,4.537343978881836,89.7,92.66528925619836
prajjwal1/bert-medium,onnxruntime_gpu_pascal,1000,1,1.743316650390625,1.7592906951904297,1.7517085075378418,1.7271041870117188,4.448413848876953,89.6,92.56198347107437
prajjwal1/bert-medium,onnxruntime_gpu_pascal,1000,2,1.8472671508789062,1.8699169158935547,1.8543028831481934,1.8305778503417969,3.138303756713867,89.6,92.56198347107437
prajjwal1/bert-medium,onnxruntime_gpu_pascal,1000,4,1.9388198852539062,1.9521713256835938,1.9468891620635986,1.9197463989257812,5.220651626586914,89.6,92.56198347107437
prajjwal1/bert-medium,onnxruntime_gpu_pascal,1000,8,1.9328594207763672,1.9605159759521484,1.9416077136993408,1.9140243530273438,4.481077194213867,89.6,92.56198347107437
prajjwal1/bert-medium,onnxruntime_gpu_pascal,1000,16,1.9378662109375,1.9528865814208984,1.948216199874878,1.9214153289794922,4.5032501220703125,89.6,92.56198347107437
prajjwal1/bert-tiny,onnxruntime_cpu,1000,1,0.9672641754150391,1.1031627655029297,1.0099635124206543,0.7212162017822266,31.365156173706055,83.2,85.9504132231405
prajjwal1/bert-tiny,onnxruntime_cpu,1000,2,1.0769367218017578,1.1599063873291016,1.0851023197174072,0.9109973907470703,3.2529830932617188,83.2,85.9504132231405
prajjwal1/bert-tiny,onnxruntime_cpu,1000,4,1.341104507446289,1.4231204986572266,1.342360019683838,1.0411739349365234,2.2857189178466797,83.2,85.9504132231405
prajjwal1/bert-tiny,onnxruntime_cpu,1000,8,1.4221668243408203,1.5180110931396484,1.4234116077423096,1.1348724365234375,2.123117446899414,83.2,85.9504132231405
prajjwal1/bert-tiny,onnxruntime_cpu,1000,16,1.9481182098388672,2.070903778076172,1.9551780223846438,1.6391277313232422,2.750873565673828,83.2,85.9504132231405
prajjwal1/bert-mini,onnxruntime_cpu,1000,1,0.9541511535644531,1.0411739349365234,0.9574258327484131,0.6899833679199219,2.0279884338378906,85.9,88.7396694214876
prajjwal1/bert-mini,onnxruntime_cpu,1000,2,1.093149185180664,1.1730194091796875,1.0940585136413574,0.904083251953125,2.171754837036133,85.9,88.7396694214876
prajjwal1/bert-mini,onnxruntime_cpu,1000,4,1.3761520385742188,1.4667510986328125,1.3777081966400146,1.168966293334961,2.3081302642822266,85.9,88.7396694214876
prajjwal1/bert-mini,onnxruntime_cpu,1000,8,1.46484375,1.6291141510009766,1.4790241718292236,1.1568069458007812,2.3970603942871094,85.9,88.7396694214876
prajjwal1/bert-mini,onnxruntime_cpu,1000,16,1.9426345825195312,2.0461082458496094,1.9441463947296143,1.7001628875732422,2.7761459350585938,85.9,88.7396694214876
prajjwal1/bert-small,onnxruntime_cpu,1000,1,0.9667873382568359,1.0690689086914062,0.9743115901947021,0.7569789886474609,2.0940303802490234,89.7,92.66528925619836
prajjwal1/bert-small,onnxruntime_cpu,1000,2,1.1141300201416016,1.2061595916748047,1.1159441471099854,0.8420944213867188,1.9879341125488281,89.7,92.66528925619836
prajjwal1/bert-small,onnxruntime_cpu,1000,4,1.2798309326171875,1.4636516571044922,1.3067269325256348,1.0471343994140625,3.1599998474121094,89.7,92.66528925619836
prajjwal1/bert-small,onnxruntime_cpu,1000,8,1.3968944549560547,1.5270709991455078,1.4056107997894287,1.188039779663086,2.379894256591797,89.7,92.66528925619836
prajjwal1/bert-small,onnxruntime_cpu,1000,16,2.0017623901367188,2.1419525146484375,2.0079989433288574,1.734018325805664,2.554178237915039,89.7,92.66528925619836
prajjwal1/bert-medium,onnxruntime_cpu,1000,1,0.9567737579345703,1.0612010955810547,0.9641046524047852,0.7700920104980469,2.1119117736816406,89.6,92.56198347107437
prajjwal1/bert-medium,onnxruntime_cpu,1000,2,1.1510848999023438,1.2707710266113281,1.1563479900360107,0.8513927459716797,3.3979415893554688,89.6,92.56198347107437
prajjwal1/bert-medium,onnxruntime_cpu,1000,4,1.3880729675292969,1.5091896057128906,1.395211935043335,1.1088848114013672,2.087831497192383,89.6,92.56198347107437
prajjwal1/bert-medium,onnxruntime_cpu,1000,8,1.438140869140625,1.5401840209960938,1.4426000118255615,1.21307373046875,2.5479793548583984,89.6,92.56198347107437
prajjwal1/bert-medium,onnxruntime_cpu,1000,16,1.978158950805664,2.110004425048828,1.9813892841339114,1.711130142211914,3.173828125,89.6,92.56198347107437
prajjwal1/bert-tiny,onnxruntime_gpu_ampere,100,1,2.814054489135742,2.8562545776367188,8.426387310028076,2.768278121948242,563.6992454528809,83.2,85.9504132231405
prajjwal1/bert-tiny,onnxruntime_gpu_ampere,100,2,3.0221939086914062,3.0422210693359375,3.027207851409912,2.971172332763672,3.8754940032958984,83.2,85.9504132231405
prajjwal1/bert-tiny,onnxruntime_gpu_ampere,100,4,3.305673599243164,3.3326148986816406,3.3107781410217285,3.243684768676758,4.000425338745117,83.2,85.9504132231405
prajjwal1/bert-tiny,onnxruntime_gpu_ampere,100,8,3.176450729370117,3.2126903533935547,3.185093402862549,3.1197071075439453,4.149198532104492,83.2,85.9504132231405
prajjwal1/bert-tiny,onnxruntime_gpu_ampere,100,16,3.2143592834472656,3.2317638397216797,3.220655918121338,3.1671524047851562,4.072427749633789,83.2,85.9504132231405
prajjwal1/bert-mini,onnxruntime_gpu_ampere,100,1,2.856016159057617,2.903461456298828,2.86287784576416,2.8107166290283203,3.4089088439941406,85.9,88.7396694214876
prajjwal1/bert-mini,onnxruntime_gpu_ampere,100,2,3.027200698852539,3.063201904296875,3.037283420562744,2.975940704345703,3.604888916015625,85.9,88.7396694214876
prajjwal1/bert-mini,onnxruntime_gpu_ampere,100,4,3.154277801513672,3.192901611328125,3.161942958831787,3.1070709228515625,3.7992000579833984,85.9,88.7396694214876
prajjwal1/bert-mini,onnxruntime_gpu_ampere,100,8,3.1583309173583984,3.175497055053711,3.1627559661865234,3.1104087829589844,3.8251876831054688,85.9,88.7396694214876
prajjwal1/bert-mini,onnxruntime_gpu_ampere,100,16,3.2243728637695312,3.2491683959960938,3.2313132286071777,3.1807422637939453,3.873109817504883,85.9,88.7396694214876
prajjwal1/bert-small,onnxruntime_gpu_ampere,100,1,2.8624534606933594,2.8989315032958984,2.8714585304260254,2.8209686279296875,3.491640090942383,89.7,92.66528925619836
prajjwal1/bert-small,onnxruntime_gpu_ampere,100,2,3.031015396118164,3.0503273010253906,3.0347776412963867,2.989053726196289,3.6292076110839844,89.7,92.66528925619836
prajjwal1/bert-small,onnxruntime_gpu_ampere,100,4,3.156423568725586,3.185749053955078,3.1611227989196777,3.1037330627441406,3.703594207763672,89.7,92.66528925619836
prajjwal1/bert-small,onnxruntime_gpu_ampere,100,8,3.1812191009521484,3.207683563232422,3.18681001663208,3.1278133392333984,3.727436065673828,89.7,92.66528925619836
prajjwal1/bert-small,onnxruntime_gpu_ampere,100,16,3.2067298889160156,3.241300582885742,3.2152390480041504,3.160238265991211,3.798961639404297,89.7,92.66528925619836
prajjwal1/bert-medium,onnxruntime_gpu_ampere,100,1,3.0050277709960938,3.0417442321777344,3.012700080871582,2.960205078125,3.6551952362060547,89.6,92.56198347107437
prajjwal1/bert-medium,onnxruntime_gpu_ampere,100,2,3.0167102813720703,3.0612945556640625,3.0248212814331055,2.969026565551758,3.5855770111083984,89.6,92.56198347107437
prajjwal1/bert-medium,onnxruntime_gpu_ampere,100,4,3.1785964965820312,3.2215118408203125,3.183474540710449,3.1223297119140625,3.7822723388671875,89.6,92.56198347107437
prajjwal1/bert-medium,onnxruntime_gpu_ampere,100,8,3.1638145446777344,3.1919479370117188,3.1682991981506348,3.1037330627441406,3.7703514099121094,89.6,92.56198347107437
prajjwal1/bert-medium,onnxruntime_gpu_ampere,100,16,3.230571746826172,3.256082534790039,3.2372283935546875,3.1812191009521484,3.88336181640625,89.6,92.56198347107437
gpt2,onnxruntime_gpu_pascal,1000,1,130.42330741882324,131.6051483154297,131.21773982048035,129.67205047607422,611.4523410797119,83.4,93.65524985962944
gpt2,onnxruntime_gpu_pascal,1000,2,134.7196102142334,135.82944869995117,135.00413727760315,133.9864730834961,143.68391036987305,83.4,93.65524985962944
gpt2,onnxruntime_gpu_pascal,1000,4,135.97512245178223,137.8335952758789,136.34203791618347,135.01548767089844,143.01109313964844,83.4,93.65524985962944
gpt2,onnxruntime_gpu_pascal,1000,8,139.00995254516602,140.0744915008545,139.27428078651428,138.23604583740234,145.94125747680664,83.4,93.65524985962944
gpt2,onnxruntime_gpu_pascal,1000,16,140.17558097839355,141.20054244995117,140.44989204406738,139.4338607788086,146.9588279724121,83.4,93.65524985962944
gpt2-medium,onnxruntime_gpu_pascal,1000,1,249.74775314331055,252.31313705444336,250.41745281219485,247.85470962524414,413.9840602874756,87.1,97.81021897810218
gpt2-medium,onnxruntime_gpu_pascal,1000,2,261.7948055267334,265.8510208129883,261.83926129341125,256.32619857788086,284.6677303314209,87.1,97.81021897810218
gpt2-medium,onnxruntime_gpu_pascal,1000,4,258.1629753112793,259.7506046295166,258.4925765991211,257.0042610168457,269.58465576171875,87.1,97.81021897810218
gpt2-medium,onnxruntime_gpu_pascal,1000,8,258.8534355163574,260.378360748291,259.25182056427,257.8275203704834,314.79787826538086,87.1,97.81021897810218
gpt2-medium,onnxruntime_gpu_pascal,1000,16,261.000394821167,262.6171112060547,261.30623841285706,260.0831985473633,270.5070972442627,87.1,97.81021897810218
gpt2-large,onnxruntime_gpu_pascal,1000,1,370.36895751953125,372.47419357299805,370.7366819381714,368.71862411499023,379.3225288391113,88.0,98.82088714205503
gpt2-large,onnxruntime_gpu_pascal,1000,2,384.3073844909668,386.29913330078125,384.69527292251587,382.108211517334,402.65345573425293,88.0,98.82088714205503
gpt2-large,onnxruntime_gpu_pascal,1000,4,387.0418071746826,389.758825302124,387.7447328567505,385.36882400512695,413.51771354675293,88.0,98.82088714205503
gpt2-large,onnxruntime_gpu_pascal,1000,8,393.90063285827637,396.7471122741699,394.5268392562866,392.2891616821289,418.2560443878174,88.0,98.82088714205503
gpt2-large,onnxruntime_gpu_pascal,1000,16,402.909517288208,405.7049751281738,403.51974177360535,400.5413055419922,423.42567443847656,88.0,98.82088714205503
gpt2-xl,onnxruntime_gpu_pascal,1000,1,491.6403293609619,494.7550296783447,492.5039644241333,489.4144535064697,515.4099464416504,89.05,100.0
gpt2,onnxruntime_cpu,100,1,263.30113410949707,282.8941345214844,266.72654390335083,252.34699249267578,311.4349842071533,83.4,93.65524985962944
gpt2,onnxruntime_cpu,100,2,365.97204208374023,384.6578598022461,369.3768644332886,359.2100143432617,415.496826171875,83.4,93.65524985962944
gpt2,onnxruntime_cpu,100,4,357.96523094177246,373.6381530761719,361.5808629989624,351.4978885650635,428.4090995788574,83.4,93.65524985962944
gpt2,onnxruntime_cpu,100,8,410.3550910949707,415.7438278198242,410.686731338501,403.7971496582031,424.267053604126,83.4,93.65524985962944
gpt2,onnxruntime_cpu,100,16,535.6671810150146,550.2629280090332,536.6652655601501,506.2751770019531,618.905782699585,83.4,93.65524985962944
gpt2-medium,onnxruntime_cpu,100,1,735.4061603546143,747.7989196777344,737.1245217323303,724.9331474304199,763.542890548706,87.1,97.81021897810218
gpt2-medium,onnxruntime_cpu,100,2,1969.4299697875977,2014.707088470459,1976.1219358444214,1920.0170040130615,2267.021894454956,87.1,97.81021897810218
gpt2-medium,onnxruntime_cpu,100,4,1960.9951972961426,2040.4348373413086,1971.6794848442078,1889.5950317382812,2693.9120292663574,87.1,97.81021897810218
gpt2-medium,onnxruntime_cpu,100,8,2035.853624343872,2097.9490280151367,2050.8566999435425,2003.8940906524658,2215.007781982422,87.1,97.81021897810218
gpt2-medium,onnxruntime_cpu,100,16,2234.149217605591,2249.307870864868,2235.8135986328125,2198.9760398864746,2365.617275238037,87.1,97.81021897810218
gpt2-large,onnxruntime_cpu,100,1,1537.2769832611084,1641.2928104400635,1560.3970956802368,1498.5790252685547,1928.8218021392822,88.0,98.82088714205503
gpt2-large,onnxruntime_cpu,100,2,2424.0880012512207,2513.0810737609863,2435.2172899246216,2354.717969894409,2598.221778869629,88.0,98.82088714205503
gpt2-large,onnxruntime_cpu,100,4,2539.797067642212,2618.87788772583,2548.4915590286255,2449.3730068206787,2792.407989501953,88.0,98.82088714205503
gpt2-large,onnxruntime_cpu,100,8,2702.677011489868,2736.3100051879883,2705.9719586372375,2650.1259803771973,2903.0370712280273,88.0,98.82088714205503
gpt2-large,onnxruntime_cpu,100,16,2466.1741256713867,2544.1558361053467,2470.3072381019592,2370.3670501708984,2575.629234313965,88.0,98.82088714205503
gpt2-xl,onnxruntime_cpu,100,1,2870.921850204468,2895.531177520752,2912.0791459083557,2847.9039669036865,6526.90315246582,89.05,100.0
gpt2-xl,onnxruntime_cpu,100,2,3457.2269916534424,3514.049768447876,3493.1476831436157,3405.034303665161,6135.071039199829,89.05,100.0
gpt2-xl,onnxruntime_cpu,100,4,3598.017930984497,3627.937078475952,3619.7541666030884,3506.150245666504,5747.046947479248,89.05,100.0
gpt2-xl,onnxruntime_cpu,100,8,3926.1040687561035,3953.7360668182373,3957.7650690078735,3882.7061653137207,6816.074848175049,89.05,100.0
gpt2-xl,onnxruntime_cpu,100,16,3673.4001636505127,3790.1670932769775,34858.419127464294,3518.286943435669,1018194.1151618958,89.05,100.0
gpt2,onnxruntime_gpu_ampere,100,1,204.19669151306152,204.93483543395996,208.5338282585144,203.34792137145996,628.4937858581543,83.4,93.65524985962944
gpt2,onnxruntime_gpu_ampere,100,2,201.45130157470703,202.5609016418457,201.6437792778015,200.72102546691895,205.29484748840332,83.4,93.65524985962944
gpt2,onnxruntime_gpu_ampere,100,4,206.21800422668457,216.48669242858887,210.38378715515137,204.87070083618164,217.57221221923828,83.4,93.65524985962944
gpt2,onnxruntime_gpu_ampere,100,8,217.3910140991211,218.42193603515625,214.77374792099,207.66019821166992,220.79873085021973,83.4,93.65524985962944
gpt2,onnxruntime_gpu_ampere,100,16,207.67927169799805,209.9301815032959,208.0136513710022,206.88152313232422,210.93297004699707,83.4,93.65524985962944
gpt2-medium,onnxruntime_gpu_ampere,100,1,388.60273361206055,391.05963706970215,388.5003328323364,385.18786430358887,393.5070037841797,87.1,97.81021897810218
gpt2-medium,onnxruntime_gpu_ampere,100,2,399.0821838378906,402.4171829223633,399.2286252975464,395.91312408447266,404.7727584838867,87.1,97.81021897810218
gpt2-medium,onnxruntime_gpu_ampere,100,4,393.77689361572266,394.72126960754395,393.77718210220337,392.474889755249,395.49899101257324,87.1,97.81021897810218
gpt2-medium,onnxruntime_gpu_ampere,100,8,396.5902328491211,397.4010944366455,396.68128490448,395.27034759521484,402.14085578918457,87.1,97.81021897810218
gpt2-medium,onnxruntime_gpu_ampere,100,16,397.0165252685547,397.7854251861572,397.16765880584717,396.0225582122803,401.1569023132324,87.1,97.81021897810218
gpt2-large,onnxruntime_gpu_ampere,100,1,590.7986164093018,595.8230495452881,591.5198850631714,588.3450508117676,598.435640335083,88.0,98.82088714205503
gpt2-large,onnxruntime_gpu_ampere,100,2,627.7532577514648,631.3562393188477,628.5587334632874,626.1312961578369,640.9909725189209,88.0,98.82088714205503
gpt2-large,onnxruntime_gpu_ampere,100,4,600.8846759796143,602.8008460998535,601.2017893791199,598.9847183227539,605.7584285736084,88.0,98.82088714205503
gpt2-large,onnxruntime_gpu_ampere,100,8,601.8662452697754,605.4019927978516,602.7706503868103,599.2658138275146,633.3558559417725,88.0,98.82088714205503
gpt2-large,onnxruntime_gpu_ampere,100,16,590.1765823364258,591.4473533630371,590.8459067344666,588.7839794158936,622.0967769622803,88.0,98.82088714205503
gpt2-xl,onnxruntime_gpu_ampere,100,1,797.9822158813477,802.7603626251221,812.778594493866,793.7545776367188,2101.405143737793,89.05,100.0
gpt2-xl,onnxruntime_gpu_ampere,100,2,791.7511463165283,793.5302257537842,791.9996166229248,789.5717620849609,796.2279319763184,89.05,100.0
gpt2-xl,onnxruntime_gpu_ampere,100,4,809.847354888916,839.0843868255615,815.663206577301,799.1764545440674,849.3213653564453,89.05,100.0
gpt2-xl,onnxruntime_gpu_ampere,100,8,795.640230178833,797.8265285491943,794.7688388824463,788.9385223388672,808.4819316864014,89.05,100.0
gpt2-xl,onnxruntime_gpu_ampere,100,16,789.975643157959,794.0318584442139,790.3137397766113,784.4619750976562,802.722692489624,89.05,100.0
t5-small,onnxruntime_gpu_pascal,1000,1,77.6669979095459,80.3365707397461,78.8008725643158,76.06744766235352,727.269172668457,26.7,83.17757009345794
t5-small,onnxruntime_gpu_pascal,1000,2,77.50225067138672,78.99093627929688,77.7332911491394,76.28846168518066,87.44144439697266,26.7,83.17757009345794
t5-small,onnxruntime_gpu_pascal,1000,4,78.57751846313477,80.97052574157715,79.01960444450378,76.95460319519043,85.66761016845703,26.7,83.17757009345794
t5-small,onnxruntime_gpu_pascal,1000,8,78.40514183044434,79.73313331604004,78.5952570438385,77.10814476013184,84.56850051879883,26.7,83.17757009345794
t5-small,onnxruntime_gpu_pascal,1000,16,79.36596870422363,81.9859504699707,79.87314939498901,77.5294303894043,248.08096885681152,26.7,83.17757009345794
t5-base,onnxruntime_gpu_pascal,1000,1,143.30387115478516,145.19309997558594,143.59881734848022,141.27206802368164,151.0941982269287,30.9,96.26168224299064
t5-base,onnxruntime_gpu_pascal,1000,2,143.49699020385742,145.4615592956543,143.7334897518158,141.10851287841797,151.64828300476074,30.9,96.26168224299064
t5-base,onnxruntime_gpu_pascal,1000,4,143.90230178833008,145.96319198608398,144.20477437973022,141.62445068359375,152.9369354248047,30.9,96.26168224299064
t5-base,onnxruntime_gpu_pascal,1000,8,146.31056785583496,148.4079360961914,146.59961438179016,144.1490650177002,154.26015853881836,30.9,96.26168224299064
t5-base,onnxruntime_gpu_pascal,1000,16,146.12770080566406,148.22053909301758,146.41111063957214,144.09732818603516,157.5150489807129,30.9,96.26168224299064
t5-large,onnxruntime_gpu_pascal,1000,1,272.68266677856445,276.26800537109375,273.2192530632019,269.2451477050781,288.18607330322266,32.0,99.68847352024922
t5-large,onnxruntime_gpu_pascal,1000,2,274.02567863464355,277.33516693115234,274.43036365509033,268.8257694244385,288.5396480560303,32.0,99.68847352024922
t5-large,onnxruntime_gpu_pascal,1000,4,273.27728271484375,279.0558338165283,274.64315581321716,269.9391841888428,300.32944679260254,32.0,99.68847352024922
t5-large,onnxruntime_gpu_pascal,1000,8,272.7348804473877,275.29120445251465,273.0939359664917,269.4520950317383,292.5097942352295,32.0,99.68847352024922
t5-large,onnxruntime_gpu_pascal,1000,16,276.1385440826416,278.5980701446533,276.47718238830566,273.4484672546387,290.67420959472656,32.0,99.68847352024922
t5-small,onnxruntime_cpu,100,1,99.86710548400879,110.65220832824707,101.59692525863647,95.52383422851562,118.50595474243164,26.7,83.17757009345794
t5-small,onnxruntime_cpu,100,2,174.64971542358398,178.44319343566895,175.10581731796265,169.88897323608398,186.71107292175293,26.7,83.17757009345794
t5-small,onnxruntime_cpu,100,4,207.02290534973145,225.2979278564453,209.7702121734619,196.89583778381348,248.59905242919922,26.7,83.17757009345794
t5-small,onnxruntime_cpu,100,8,247.06578254699707,268.44000816345215,248.2917070388794,214.68329429626465,322.3590850830078,26.7,83.17757009345794
t5-small,onnxruntime_cpu,100,16,272.3870277404785,286.17119789123535,273.90005588531494,254.0898323059082,385.70332527160645,26.7,83.17757009345794
t5-base,onnxruntime_cpu,100,1,258.5759162902832,274.503231048584,260.2695822715759,237.3950481414795,331.6681385040283,30.9,96.26168224299064
t5-base,onnxruntime_cpu,100,2,666.3870811462402,705.9502601623535,671.2151288986206,641.4122581481934,763.5622024536133,30.9,96.26168224299064
t5-base,onnxruntime_cpu,100,4,619.4052696228027,629.3458938598633,619.3424916267395,595.2630043029785,659.592866897583,30.9,96.26168224299064
t5-base,onnxruntime_cpu,100,8,631.9248676300049,644.3772315979004,623.0180931091309,476.2570858001709,671.036958694458,30.9,96.26168224299064
t5-base,onnxruntime_cpu,100,16,772.7200984954834,828.6118507385254,775.9868168830872,687.4668598175049,917.5760746002197,30.9,96.26168224299064
t5-large,onnxruntime_cpu,100,1,770.4079151153564,778.7108421325684,771.4303493499756,764.9521827697754,804.7387599945068,32.0,99.68847352024922
t5-large,onnxruntime_cpu,100,2,1334.1648578643799,1357.1667671203613,1337.630045413971,1314.6467208862305,1396.4331150054932,32.0,99.68847352024922
t5-large,onnxruntime_cpu,100,4,1483.2630157470703,1516.4611339569092,1485.5605745315552,1418.355941772461,1581.0320377349854,32.0,99.68847352024922
t5-large,onnxruntime_cpu,100,8,1376.772165298462,1396.399974822998,1378.6270809173584,1358.597993850708,1424.2169857025146,32.0,99.68847352024922
t5-large,onnxruntime_cpu,100,16,1553.3778667449951,1570.2219009399414,1554.3914461135864,1532.8459739685059,1601.5679836273193,32.0,99.68847352024922
t5-small,onnxruntime_gpu_ampere,100,1,119.89808082580566,120.4681396484375,124.97206687927246,119.46773529052734,618.6032295227051,26.7,83.17757009345794
t5-small,onnxruntime_gpu_ampere,100,2,129.99463081359863,130.89346885681152,130.0186276435852,128.84283065795898,133.3298683166504,26.7,83.17757009345794
t5-small,onnxruntime_gpu_ampere,100,4,130.65743446350098,131.44373893737793,130.8320927619934,130.12337684631348,134.47904586791992,26.7,83.17757009345794
t5-small,onnxruntime_gpu_ampere,100,8,131.70981407165527,132.45439529418945,131.81410551071167,130.97548484802246,133.31198692321777,26.7,83.17757009345794
t5-small,onnxruntime_gpu_ampere,100,16,131.744384765625,132.2619915008545,131.81334972381592,131.06560707092285,135.16950607299805,26.7,83.17757009345794
t5-base,onnxruntime_gpu_ampere,100,1,228.41763496398926,229.50267791748047,228.51674795150757,227.0655632019043,231.88543319702148,30.9,96.26168224299064
t5-base,onnxruntime_gpu_ampere,100,2,240.0357723236084,250.40292739868164,242.53633737564087,237.40673065185547,251.46079063415527,30.9,96.26168224299064
t5-base,onnxruntime_gpu_ampere,100,4,242.8262233734131,244.21191215515137,243.03014755249023,241.3613796234131,247.1463680267334,30.9,96.26168224299064
t5-base,onnxruntime_gpu_ampere,100,8,244.1253662109375,246.38652801513672,244.48310136795044,242.35010147094727,248.1400966644287,30.9,96.26168224299064
t5-base,onnxruntime_gpu_ampere,100,16,244.57621574401855,245.73779106140137,244.7078514099121,243.4825897216797,247.542142868042,30.9,96.26168224299064
t5-large,onnxruntime_gpu_ampere,100,1,438.69924545288086,440.6886100769043,439.05755519866943,436.32984161376953,468.308687210083,32.0,99.68847352024922
t5-large,onnxruntime_gpu_ampere,100,2,482.7892780303955,484.06291007995605,482.89783239364624,481.53233528137207,486.53578758239746,32.0,99.68847352024922
t5-large,onnxruntime_gpu_ampere,100,4,468.7175750732422,471.4045524597168,469.0853500366211,465.61503410339355,474.5221138000488,32.0,99.68847352024922
t5-large,onnxruntime_gpu_ampere,100,8,469.16890144348145,472.42212295532227,469.8483896255493,466.9017791748047,484.4050407409668,32.0,99.68847352024922
t5-large,onnxruntime_gpu_ampere,100,16,489.4092082977295,491.138219833374,488.24909925460815,464.2786979675293,494.78769302368164,32.0,99.68847352024922
yolov5n,onnxruntime_gpu_pascal,1000,1,11.501789093017578,11.586189270019531,12.197710514068604,11.397123336791992,665.132999420166,28.0,55.22682445759368
yolov5n,onnxruntime_gpu_pascal,1000,2,16.23392105102539,16.54362678527832,16.328783988952637,16.08133316040039,39.647817611694336,28.0,55.22682445759368
yolov5n,onnxruntime_gpu_pascal,1000,4,25.179147720336914,25.284528732299805,25.253159284591675,24.964570999145508,50.23527145385742,28.0,55.22682445759368
yolov5n,onnxruntime_gpu_pascal,1000,8,42.171478271484375,42.37079620361328,42.27275037765503,41.90778732299805,68.01390647888184,28.0,55.22682445759368
yolov5n,onnxruntime_gpu_pascal,1000,16,94.22016143798828,94.87700462341309,88.47838830947876,81.67099952697754,109.17115211486816,28.0,55.22682445759368
yolov5s,onnxruntime_gpu_pascal,1000,1,11.832475662231445,11.920928955078125,11.884511232376099,11.746883392333984,35.57610511779785,45.4,89.54635108481261
yolov5s,onnxruntime_gpu_pascal,1000,2,16.426801681518555,16.748905181884766,16.495906352996826,16.271352767944336,36.32473945617676,45.4,89.54635108481261
yolov5s,onnxruntime_gpu_pascal,1000,4,26.390552520751953,26.485204696655273,26.43751549720764,26.146650314331055,46.11921310424805,45.4,89.54635108481261
yolov5s,onnxruntime_gpu_pascal,1000,8,49.92556571960449,50.10271072387695,50.003138065338135,49.617767333984375,72.57461547851562,45.4,89.54635108481261
yolov5s,onnxruntime_gpu_pascal,1000,16,108.61706733703613,109.14969444274902,103.23080468177795,96.78053855895996,126.77597999572754,45.4,89.54635108481261
yolov5m,onnxruntime_gpu_pascal,1000,1,14.31417465209961,14.416933059692383,14.358767986297607,14.201641082763672,34.820556640625,37.4,73.76725838264299
yolov5m,onnxruntime_gpu_pascal,1000,2,20.8737850189209,20.97940444946289,20.906222581863403,20.697832107543945,38.140058517456055,37.4,73.76725838264299
yolov5m,onnxruntime_gpu_pascal,1000,4,37.41097450256348,37.58955001831055,37.454890966415405,37.12868690490723,51.52130126953125,37.4,73.76725838264299
yolov5m,onnxruntime_gpu_pascal,1000,8,73.23145866394043,73.65632057189941,73.26469874382019,72.22795486450195,95.35741806030273,37.4,73.76725838264299
yolov5m,onnxruntime_gpu_pascal,1000,16,149.3692398071289,151.10397338867188,144.38120985031128,136.31033897399902,170.04799842834473,37.4,73.76725838264299
yolov5l,onnxruntime_gpu_pascal,1000,1,17.385482788085938,17.49706268310547,17.44561505317688,17.261981964111328,37.63580322265625,49.0,96.64694280078895
yolov5l,onnxruntime_gpu_pascal,1000,2,30.67493438720703,30.922412872314453,30.710076570510864,30.25031089782715,44.85034942626953,49.0,96.64694280078895
yolov5l,onnxruntime_gpu_pascal,1000,4,54.380178451538086,54.7487735748291,54.37255001068115,53.29418182373047,72.68285751342773,49.0,96.64694280078895
yolov5l,onnxruntime_gpu_pascal,1000,8,103.37138175964355,105.20195960998535,103.54155707359314,101.46188735961914,123.31867218017578,49.0,96.64694280078895
yolov5l,onnxruntime_gpu_pascal,1000,16,206.1440944671631,208.27794075012207,201.453218460083,193.47310066223145,220.37839889526367,49.0,96.64694280078895
yolov5x,onnxruntime_gpu_pascal,1000,1,25.94590187072754,26.159286499023438,25.999871253967285,25.35223960876465,43.45512390136719,50.7,100.0
yolov5x,onnxruntime_gpu_pascal,1000,2,45.69411277770996,46.02551460266113,45.69974684715271,44.458627700805664,59.62347984313965,50.7,100.0
yolov5x,onnxruntime_gpu_pascal,1000,4,84.72943305969238,85.83426475524902,84.78848505020142,82.81826972961426,104.81715202331543,50.7,100.0
yolov5x,onnxruntime_gpu_pascal,1000,8,162.33038902282715,163.2227897644043,162.3588104248047,159.14535522460938,186.8002414703369,50.7,100.0
yolov5x,onnxruntime_gpu_pascal,1000,16,284.1508388519287,285.16530990600586,284.2071919441223,281.1737060546875,306.1859607696533,50.7,100.0
yolov5n,onnxruntime_cpu,100,1,37.581682205200195,38.532257080078125,37.78855800628662,36.11326217651367,48.02083969116211,28.0,55.22682445759368
yolov5n,onnxruntime_cpu,100,2,74.18704032897949,76.46799087524414,74.63870286941528,71.13790512084961,95.17383575439453,28.0,55.22682445759368
yolov5n,onnxruntime_cpu,100,4,116.99581146240234,119.58098411560059,117.08214998245239,112.8079891204834,128.78012657165527,28.0,55.22682445759368
yolov5n,onnxruntime_cpu,100,8,226.62830352783203,229.60901260375977,226.26449823379517,218.07217597961426,243.0262565612793,28.0,55.22682445759368
yolov5n,onnxruntime_cpu,100,16,1738.9500141143799,1765.0961875915527,1740.8712577819824,1701.7738819122314,1787.3647212982178,28.0,55.22682445759368
yolov5s,onnxruntime_cpu,100,1,62.78824806213379,65.48500061035156,62.873334884643555,58.3798885345459,71.49600982666016,45.4,89.54635108481261
yolov5s,onnxruntime_cpu,100,2,120.86987495422363,123.58593940734863,120.81713676452637,115.27609825134277,129.0900707244873,45.4,89.54635108481261
yolov5s,onnxruntime_cpu,100,4,197.54815101623535,201.17592811584473,197.3978567123413,190.76299667358398,204.9579620361328,45.4,89.54635108481261
yolov5s,onnxruntime_cpu,100,8,399.0328311920166,408.76221656799316,400.8959484100342,389.8658752441406,439.0718936920166,45.4,89.54635108481261
yolov5s,onnxruntime_cpu,100,16,3198.409080505371,3359.560012817383,3239.2073941230774,3160.0801944732666,3609.644889831543,45.4,89.54635108481261
yolov5m,onnxruntime_cpu,100,1,105.71169853210449,109.10677909851074,104.18048143386841,93.07193756103516,112.71500587463379,37.4,73.76725838264299
yolov5m,onnxruntime_cpu,100,2,211.1952304840088,216.0181999206543,211.32745027542114,203.7959098815918,221.24505043029785,37.4,73.76725838264299
yolov5m,onnxruntime_cpu,100,4,369.66991424560547,379.46105003356934,371.0990571975708,354.63500022888184,428.44581604003906,37.4,73.76725838264299
yolov5m,onnxruntime_cpu,100,8,731.0128211975098,750.7266998291016,732.6036190986633,708.5409164428711,768.6412334442139,37.4,73.76725838264299
yolov5m,onnxruntime_cpu,100,16,6196.88081741333,6457.405805587769,40124.52885866165,5970.407009124756,1058028.6841392517,37.4,73.76725838264299
yolov5l,onnxruntime_cpu,100,1,160.81905364990234,165.26222229003906,161.2916660308838,156.0990810394287,170.46284675598145,49.0,96.64694280078895
yolov5l,onnxruntime_cpu,100,2,345.2908992767334,353.6489009857178,9840.040264129639,332.766056060791,949714.3430709839,49.0,96.64694280078895
yolov5l,onnxruntime_cpu,100,4,660.7160568237305,673.7470626831055,662.0758605003357,646.9161510467529,713.7739658355713,49.0,96.64694280078895
yolov5l,onnxruntime_cpu,100,8,1302.6797771453857,1343.5771465301514,3592.493860721588,1265.5529975891113,229785.40897369385,49.0,96.64694280078895
yolov5l,onnxruntime_cpu,100,16,10663.741111755371,915602.1151542664,121198.83236885071,10112.491846084595,1004071.8810558319,49.0,96.64694280078895
yolov5x,onnxruntime_cpu,100,1,238.43026161193848,243.22104454040527,239.31010007858276,231.40192031860352,270.7791328430176,50.7,100.0
yolov5x,onnxruntime_cpu,100,2,539.8340225219727,548.1030941009521,540.5976963043213,530.5430889129639,579.3521404266357,50.7,100.0
yolov5x,onnxruntime_cpu,100,4,1057.6226711273193,1082.5872421264648,20494.81257200241,1033.372163772583,980886.7881298065,50.7,100.0
yolov5x,onnxruntime_cpu,100,8,2103.762149810791,2129.5928955078125,40166.867780685425,2071.1050033569336,991617.3620223999,50.7,100.0
yolov5x,onnxruntime_cpu,100,16,15404.78801727295,931978.3878326416,162683.1352186203,14932.971954345703,1090910.2821350098,50.7,100.0
yolov5n,onnxruntime_gpu_ampere,100,1,16.050100326538086,16.425371170043945,24.459097385406494,15.51198959350586,857.82790184021,28.0,55.22682445759368
yolov5n,onnxruntime_gpu_ampere,100,2,20.707130432128906,21.391868591308594,20.880908966064453,19.52958106994629,38.61856460571289,28.0,55.22682445759368
yolov5n,onnxruntime_gpu_ampere,100,4,29.393672943115234,29.914379119873047,29.624333381652832,28.28669548034668,51.428794860839844,28.0,55.22682445759368
yolov5n,onnxruntime_gpu_ampere,100,8,46.705007553100586,47.05071449279785,47.03617334365845,46.0970401763916,74.45073127746582,28.0,55.22682445759368
yolov5n,onnxruntime_gpu_ampere,100,16,78.94420623779297,79.47063446044922,79.44846391677856,78.49454879760742,115.11063575744629,28.0,55.22682445759368
yolov5s,onnxruntime_gpu_ampere,100,1,16.385316848754883,17.102718353271484,16.605608463287354,15.82956314086914,33.14661979675293,45.4,89.54635108481261
yolov5s,onnxruntime_gpu_ampere,100,2,20.709991455078125,21.198511123657227,20.82240343093872,19.593477249145508,35.60233116149902,45.4,89.54635108481261
yolov5s,onnxruntime_gpu_ampere,100,4,29.876708984375,30.315876007080078,30.008397102355957,28.802871704101562,48.15959930419922,45.4,89.54635108481261
yolov5s,onnxruntime_gpu_ampere,100,8,47.91140556335449,48.76708984375,48.30345869064331,47.328948974609375,71.42376899719238,45.4,89.54635108481261
yolov5s,onnxruntime_gpu_ampere,100,16,85.13474464416504,86.02261543273926,85.53650856018066,84.50651168823242,110.52513122558594,45.4,89.54635108481261
yolov5m,onnxruntime_gpu_ampere,100,1,20.692110061645508,21.07405662536621,20.77474355697632,19.739627838134766,37.5826358795166,37.4,73.76725838264299
yolov5m,onnxruntime_gpu_ampere,100,2,25.1767635345459,25.83932876586914,25.308871269226074,23.94556999206543,40.41552543640137,37.4,73.76725838264299
yolov5m,onnxruntime_gpu_ampere,100,4,34.00015830993652,34.432172775268555,34.16295051574707,32.98830986022949,48.25568199157715,37.4,73.76725838264299
yolov5m,onnxruntime_gpu_ampere,100,8,57.782649993896484,58.14027786254883,57.97817945480347,57.241201400756836,70.55377960205078,37.4,73.76725838264299
yolov5m,onnxruntime_gpu_ampere,100,16,108.69145393371582,109.34972763061523,109.04050350189209,108.12711715698242,128.70073318481445,37.4,73.76725838264299
yolov5l,onnxruntime_gpu_ampere,100,1,24.837732315063477,25.25496482849121,24.996938705444336,24.05524253845215,40.412187576293945,49.0,96.64694280078895
yolov5l,onnxruntime_gpu_ampere,100,2,28.734683990478516,29.225826263427734,28.834526538848877,27.704954147338867,42.975664138793945,49.0,96.64694280078895
yolov5l,onnxruntime_gpu_ampere,100,4,41.13483428955078,41.48244857788086,41.30465030670166,40.3139591217041,54.654598236083984,49.0,96.64694280078895
yolov5l,onnxruntime_gpu_ampere,100,8,76.08604431152344,76.53069496154785,76.08617544174194,74.80835914611816,83.68468284606934,49.0,96.64694280078895
yolov5l,onnxruntime_gpu_ampere,100,16,138.68212699890137,139.3415927886963,138.8778281211853,137.8614902496338,149.55568313598633,49.0,96.64694280078895
yolov5x,onnxruntime_gpu_ampere,100,1,28.58757972717285,29.02531623840332,28.74222755432129,27.94623374938965,45.000553131103516,50.7,100.0
yolov5x,onnxruntime_gpu_ampere,100,2,32.31382369995117,32.685041427612305,32.33258247375488,31.06975555419922,48.62833023071289,50.7,100.0
yolov5x,onnxruntime_gpu_ampere,100,4,56.31303787231445,56.649208068847656,56.435298919677734,55.736541748046875,64.90969657897949,50.7,100.0
yolov5x,onnxruntime_gpu_ampere,100,8,106.02235794067383,106.49991035461426,106.17093563079834,105.49116134643555,114.74323272705078,50.7,100.0
yolov5x,onnxruntime_gpu_ampere,100,16,191.6968822479248,192.31247901916504,191.92336320877075,190.87648391723633,201.5373706817627,50.7,100.0
densenet121,onnxruntime_cpu,,1,1228.27,,1228.27,1096.04,2007.32,74.97,96.48648648648648
densenet121,onnxruntime_cpu,,2,3335.67,,3335.67,3005.24,3794.43,74.97,96.48648648648648
densenet121,onnxruntime_cpu,,4,5071.01,,5071.01,4702.11,5595.41,74.97,96.48648648648648
densenet121,onnxruntime_cpu,,8,8532.32,,8532.32,7799.03,9704.50,74.97,96.48648648648648
densenet121,onnxruntime_gpu_ampere,,1,46.39,,46.39,38.87,84.10,74.97,96.48648648648648
densenet121,onnxruntime_gpu_ampere,,2,76.57,,76.57,57.37,366.08,74.97,96.48648648648648
densenet121,onnxruntime_gpu_ampere,,4,110.72,,110.72,83.73,426.93,74.97,96.48648648648648
densenet121,onnxruntime_gpu_ampere,,8,157.84,,157.84,126.98,532.56,74.97,96.48648648648648
densenet121,onnxruntime_gpu_pascal,,1,37.66,,37.66,33.52,115.95,74.97,96.48648648648648
densenet121,onnxruntime_gpu_pascal,,2,65.48,,65.48,50.28,319.94,74.97,96.48648648648648
densenet121,onnxruntime_gpu_pascal,,4,97.96,,97.96,81.22,356.06,74.97,96.48648648648648
densenet121,onnxruntime_gpu_pascal,,8,155.79,,155.79,132.72,457.79,74.97,96.48648648648648
densenet161,onnxruntime_cpu,,1,2550.23,,2550.23,2101.44,4095.34,77.7,100.0
densenet161,onnxruntime_cpu,,2,7308.70,,7308.70,6691.82,8899.68,77.7,100.0
densenet161,onnxruntime_cpu,,4,11381.26,,11381.26,10105.40,13396.46,77.7,100.0
densenet161,onnxruntime_cpu,,8,18314.16,,18314.16,16696.15,20802.86,77.7,100.0
densenet161,onnxruntime_gpu_ampere,,1,55.24,,55.24,43.08,93.36,77.7,100.0
densenet161,onnxruntime_gpu_ampere,,2,88.99,,88.99,52.53,509.96,77.7,100.0
densenet161,onnxruntime_gpu_ampere,,4,127.01,,127.01,86.68,601.58,77.7,100.0
densenet161,onnxruntime_gpu_ampere,,8,184.06,,184.06,148.90,706.52,77.7,100.0
densenet161,onnxruntime_gpu_pascal,,1,46.20,,46.20,37.70,104.04,77.7,100.0
densenet161,onnxruntime_gpu_pascal,,2,77.64,,77.64,58.45,396.90,77.7,100.0
densenet161,onnxruntime_gpu_pascal,,4,111.80,,111.80,93.27,424.26,77.7,100.0
densenet161,onnxruntime_gpu_pascal,,8,182.63,,182.63,156.24,614.20,77.7,100.0
densenet169,onnxruntime_cpu,,1,1579.73,,1579.73,1396.77,2399.52,76.17,98.03088803088804
densenet169,onnxruntime_cpu,,2,4170.79,,4170.79,3489.05,4982.88,76.17,98.03088803088804
densenet169,onnxruntime_cpu,,4,6171.19,,6171.19,5531.81,7307.79,76.17,98.03088803088804
densenet169,onnxruntime_cpu,,8,10574.94,,10574.94,9795.37,12099.74,76.17,98.03088803088804
densenet169,onnxruntime_gpu_ampere,,1,53.32,,53.32,40.61,90.27,76.17,98.03088803088804
densenet169,onnxruntime_gpu_ampere,,2,86.33,,86.33,54.35,507.45,76.17,98.03088803088804
densenet169,onnxruntime_gpu_ampere,,4,123.21,,123.21,98.15,508.70,76.17,98.03088803088804
densenet169,onnxruntime_gpu_ampere,,8,172.67,,172.67,126.49,595.22,76.17,98.03088803088804
densenet169,onnxruntime_gpu_pascal,,1,44.08,,44.08,38.13,97.47,76.17,98.03088803088804
densenet169,onnxruntime_gpu_pascal,,2,74.50,,74.50,55.87,393.80,76.17,98.03088803088804
densenet169,onnxruntime_gpu_pascal,,4,107.18,,107.18,87.16,430.76,76.17,98.03088803088804
densenet169,onnxruntime_gpu_pascal,,8,164.03,,164.03,140.26,498.05,76.17,98.03088803088804
densenet201,onnxruntime_cpu,,1,1943.49,,1943.49,1695.47,2997.85,77.32,99.5109395109395
densenet201,onnxruntime_cpu,,2,5317.77,,5317.77,4996.49,6094.44,77.32,99.5109395109395
densenet201,onnxruntime_cpu,,4,7945.91,,7945.91,7297.33,9095.63,77.32,99.5109395109395
densenet201,onnxruntime_cpu,,8,13372.78,,13372.78,12396.90,15407.01,77.32,99.5109395109395
densenet201,onnxruntime_gpu_ampere,,1,59.57,,59.57,48.29,95.83,77.32,99.5109395109395
densenet201,onnxruntime_gpu_ampere,,2,98.90,,98.90,71.54,557.89,77.32,99.5109395109395
densenet201,onnxruntime_gpu_ampere,,4,128.52,,128.52,94.06,576.61,77.32,99.5109395109395
densenet201,onnxruntime_gpu_ampere,,8,182.53,,182.53,141.50,674.19,77.32,99.5109395109395
densenet201,onnxruntime_gpu_pascal,,1,46.49,,46.49,39.18,89.29,77.32,99.5109395109395
densenet201,onnxruntime_gpu_pascal,,2,81.98,,81.98,58.43,464.29,77.32,99.5109395109395
densenet201,onnxruntime_gpu_pascal,,4,110.81,,110.81,88.45,481.44,77.32,99.5109395109395
densenet201,onnxruntime_gpu_pascal,,8,175.60,,175.60,152.03,568.28,77.32,99.5109395109395
efficientnet-b0,onnxruntime_cpu,,1,674.83,,674.83,595.48,1248.69,77.1,91.45907473309607
efficientnet-b0,onnxruntime_cpu,,2,1151.28,,1151.28,1001.37,1295.57,77.1,91.45907473309607
efficientnet-b0,onnxruntime_cpu,,4,2086.16,,2086.16,1299.62,2595.53,77.1,91.45907473309607
efficientnet-b0,onnxruntime_cpu,,8,4320.71,,4320.71,3999.92,4902.06,77.1,91.45907473309607
efficientnet-b0,onnxruntime_gpu_ampere,,1,32.46,,32.46,26.26,68.55,77.1,91.45907473309607
efficientnet-b0,onnxruntime_gpu_ampere,,2,95.78,,95.78,43.94,1014.74,77.1,91.45907473309607
efficientnet-b0,onnxruntime_gpu_ampere,,4,139.35,,139.35,82.01,1174.59,77.1,91.45907473309607
efficientnet-b0,onnxruntime_gpu_ampere,,8,189.93,,189.93,129.97,1127.53,77.1,91.45907473309607
efficientnet-b0,onnxruntime_gpu_pascal,,1,31.74,,31.74,28.53,64.71,77.1,91.45907473309607
efficientnet-b0,onnxruntime_gpu_pascal,,2,97.26,,97.26,51.46,927.12,77.1,91.45907473309607
efficientnet-b0,onnxruntime_gpu_pascal,,4,141.96,,141.96,98.27,903.74,77.1,91.45907473309607
efficientnet-b0,onnxruntime_gpu_pascal,,8,226.13,,226.13,174.44,1098.65,77.1,91.45907473309607
efficientnet-b1,onnxruntime_cpu,,1,950.12,,950.12,795.24,1492.51,79.1,93.83155397390273
efficientnet-b1,onnxruntime_cpu,,2,1676.72,,1676.72,1336.51,1899.41,79.1,93.83155397390273
efficientnet-b1,onnxruntime_cpu,,4,2991.49,,2991.49,2557.88,3294.88,79.1,93.83155397390273
efficientnet-b1,onnxruntime_cpu,,8,5935.09,,5935.09,5595.34,6700.81,79.1,93.83155397390273
efficientnet-b1,onnxruntime_gpu_ampere,,1,37.88,,37.88,31.07,72.89,79.1,93.83155397390273
efficientnet-b1,onnxruntime_gpu_ampere,,2,114.89,,114.89,46.54,1272.62,79.1,93.83155397390273
efficientnet-b1,onnxruntime_gpu_ampere,,4,147.63,,147.63,83.35,1336.15,79.1,93.83155397390273
efficientnet-b1,onnxruntime_gpu_ampere,,8,210.37,,210.37,136.89,1435.20,79.1,93.83155397390273
efficientnet-b1,onnxruntime_gpu_pascal,,1,34.59,,34.59,31.99,64.38,79.1,93.83155397390273
efficientnet-b1,onnxruntime_gpu_pascal,,2,120.31,,120.31,57.69,1279.59,79.1,93.83155397390273
efficientnet-b1,onnxruntime_gpu_pascal,,4,173.55,,173.55,109.08,1284.98,79.1,93.83155397390273
efficientnet-b1,onnxruntime_gpu_pascal,,8,279.09,,279.09,194.46,1748.01,79.1,93.83155397390273
efficientnet-b3,onnxruntime_cpu,,1,1271.52,,1271.52,1005.21,1601.83,81.6,96.79715302491103
efficientnet-b3,onnxruntime_cpu,,2,2321.50,,2321.50,1938.98,2597.39,81.6,96.79715302491103
efficientnet-b3,onnxruntime_cpu,,4,4140.89,,4140.89,3624.99,4896.92,81.6,96.79715302491103
efficientnet-b3,onnxruntime_cpu,,8,9535.86,,9535.86,8320.31,10402.63,81.6,96.79715302491103
efficientnet-b3,onnxruntime_gpu_ampere,,1,38.12,,38.12,32.06,76.18,81.6,96.79715302491103
efficientnet-b3,onnxruntime_gpu_ampere,,2,134.41,,134.41,49.04,1669.28,81.6,96.79715302491103
efficientnet-b3,onnxruntime_gpu_ampere,,4,176.98,,176.98,85.13,1846.41,81.6,96.79715302491103
efficientnet-b3,onnxruntime_gpu_ampere,,8,233.91,,233.91,148.53,1749.19,81.6,96.79715302491103
efficientnet-b3,onnxruntime_gpu_pascal,,1,39.80,,39.80,36.89,91.32,81.6,96.79715302491103
efficientnet-b3,onnxruntime_gpu_pascal,,2,144.86,,144.86,66.15,1611.59,81.6,96.79715302491103
efficientnet-b3,onnxruntime_gpu_pascal,,4,201.90,,201.90,124.71,1637.37,81.6,96.79715302491103
efficientnet-b3,onnxruntime_gpu_pascal,,8,328.50,,328.50,225.38,2174.45,81.6,96.79715302491103
efficientnet-b5,onnxruntime_cpu,,1,2119.26,,2119.26,1793.50,3300.44,83.6,99.16963226571767
efficientnet-b5,onnxruntime_cpu,,2,3530.30,,3530.30,3295.91,3998.40,83.6,99.16963226571767
efficientnet-b5,onnxruntime_cpu,,4,7160.04,,7160.04,6397.50,8300.07,83.6,99.16963226571767
efficientnet-b5,onnxruntime_cpu,,8,14918.97,,14918.97,14102.80,16496.63,83.6,99.16963226571767
efficientnet-b5,onnxruntime_gpu_ampere,,1,46.57,,46.57,40.87,81.28,83.6,99.16963226571767
efficientnet-b5,onnxruntime_gpu_ampere,,2,229.56,,229.56,60.74,3399.16,83.6,99.16963226571767
efficientnet-b5,onnxruntime_gpu_ampere,,4,273.17,,273.17,103.32,3436.82,83.6,99.16963226571767
efficientnet-b5,onnxruntime_gpu_ampere,,8,327.31,,327.31,172.32,3162.61,83.6,99.16963226571767
efficientnet-b5,onnxruntime_gpu_pascal,,1,53.06,,53.06,50.07,81.10,83.6,99.16963226571767
efficientnet-b5,onnxruntime_gpu_pascal,,2,259.81,,259.81,88.79,3480.51,83.6,99.16963226571767
efficientnet-b5,onnxruntime_gpu_pascal,,4,328.09,,328.09,169.20,3313.51,83.6,99.16963226571767
efficientnet-b5,onnxruntime_gpu_pascal,,8,492.55,,492.55,319.41,3733.59,83.6,99.16963226571767
efficientnet-b7,onnxruntime_cpu,,1,3720.98,,3720.98,3198.37,6696.15,84.3,100.0
efficientnet-b7,onnxruntime_cpu,,2,7099.23,,7099.23,6308.42,9101.69,84.3,100.0
efficientnet-b7,onnxruntime_cpu,,4,13405.08,,13405.08,12097.76,15296.38,84.3,100.0
efficientnet-b7,onnxruntime_cpu,,8,28099.92,,28099.92,26497.98,30997.22,84.3,100.0
efficientnet-b7,onnxruntime_gpu_ampere,,1,52.52,,52.52,44.11,91.72,84.3,100.0
efficientnet-b7,onnxruntime_gpu_ampere,,2,316.46,,316.46,68.78,4948.76,84.3,100.0
efficientnet-b7,onnxruntime_gpu_ampere,,4,409.56,,409.56,123.91,5795.01,84.3,100.0
efficientnet-b7,onnxruntime_gpu_ampere,,8,471.02,,471.02,211.81,5306.05,84.3,100.0
efficientnet-b7,onnxruntime_gpu_pascal,,1,74.70,,74.70,72.35,105.20,84.3,100.0
efficientnet-b7,onnxruntime_gpu_pascal,,2,405.16,,405.16,129.77,5579.55,84.3,100.0
efficientnet-b7,onnxruntime_gpu_pascal,,4,520.83,,520.83,248.17,5621.93,84.3,100.0
efficientnet-b7,onnxruntime_gpu_pascal,,8,789.67,,789.67,472.02,6693.82,84.3,100.0
mobilenet0.25,onnxruntime_cpu,,1,246.77,,246.77,87.54,404.61,52.91,72.20251091703057
mobilenet0.25,onnxruntime_cpu,,2,436.83,,436.83,303.48,598.18,52.91,72.20251091703057
mobilenet0.25,onnxruntime_cpu,,4,709.49,,709.49,402.54,900.40,52.91,72.20251091703057
mobilenet0.25,onnxruntime_cpu,,8,1296.12,,1296.12,1005.33,1599.38,52.91,72.20251091703057
mobilenet0.25,onnxruntime_gpu_ampere,,1,26.01,,26.01,21.64,61.21,52.91,72.20251091703057
mobilenet0.25,onnxruntime_gpu_ampere,,2,52.98,,52.98,40.03,246.68,52.91,72.20251091703057
mobilenet0.25,onnxruntime_gpu_ampere,,4,89.01,,89.01,73.09,336.31,52.91,72.20251091703057
mobilenet0.25,onnxruntime_gpu_ampere,,8,133.70,,133.70,117.83,373.13,52.91,72.20251091703057
mobilenet0.25,onnxruntime_gpu_pascal,,1,23.77,,23.77,21.01,61.45,52.91,72.20251091703057
mobilenet0.25,onnxruntime_gpu_pascal,,2,49.01,,49.01,35.91,259.17,52.91,72.20251091703057
mobilenet0.25,onnxruntime_gpu_pascal,,4,80.76,,80.76,67.39,256.97,52.91,72.20251091703057
mobilenet0.25,onnxruntime_gpu_pascal,,8,132.93,,132.93,118.31,341.15,52.91,72.20251091703057
mobilenet0.5,onnxruntime_cpu,,1,362.33,,362.33,275.11,605.27,65.2,88.97379912663756
mobilenet0.5,onnxruntime_cpu,,2,739.37,,739.37,594.91,901.55,65.2,88.97379912663756
mobilenet0.5,onnxruntime_cpu,,4,1155.69,,1155.69,918.06,1501.88,65.2,88.97379912663756
mobilenet0.5,onnxruntime_cpu,,8,2036.16,,2036.16,1627.74,2501.35,65.2,88.97379912663756
mobilenet0.5,onnxruntime_gpu_ampere,,1,25.51,,25.51,21.29,60.08,65.2,88.97379912663756
mobilenet0.5,onnxruntime_gpu_ampere,,2,60.61,,60.61,37.83,417.34,65.2,88.97379912663756
mobilenet0.5,onnxruntime_gpu_ampere,,4,94.50,,94.50,70.16,446.92,65.2,88.97379912663756
mobilenet0.5,onnxruntime_gpu_ampere,,8,142.13,,142.13,113.85,531.20,65.2,88.97379912663756
mobilenet0.5,onnxruntime_gpu_pascal,,1,23.41,,23.41,20.48,56.88,65.2,88.97379912663756
mobilenet0.5,onnxruntime_gpu_pascal,,2,55.45,,55.45,36.16,387.77,65.2,88.97379912663756
mobilenet0.5,onnxruntime_gpu_pascal,,4,87.73,,87.73,69.49,373.17,65.2,88.97379912663756
mobilenet0.5,onnxruntime_gpu_pascal,,8,136.86,,136.86,113.82,463.62,65.2,88.97379912663756
mobilenet0.75,onnxruntime_cpu,,1,501.22,,501.22,378.05,898.88,70.25,95.86517467248909
mobilenet0.75,onnxruntime_cpu,,2,1047.58,,1047.58,903.63,1301.86,70.25,95.86517467248909
mobilenet0.75,onnxruntime_cpu,,4,1756.48,,1756.48,1594.24,2298.11,70.25,95.86517467248909
mobilenet0.75,onnxruntime_cpu,,8,3060.95,,3060.95,2700.94,3798.93,70.25,95.86517467248909
mobilenet0.75,onnxruntime_gpu_ampere,,1,25.73,,25.73,22.73,58.83,70.25,95.86517467248909
mobilenet0.75,onnxruntime_gpu_ampere,,2,68.09,,68.09,40.07,550.70,70.25,95.86517467248909
mobilenet0.75,onnxruntime_gpu_ampere,,4,100.40,,100.40,72.52,582.55,70.25,95.86517467248909
mobilenet0.75,onnxruntime_gpu_ampere,,8,151.44,,151.44,118.98,666.37,70.25,95.86517467248909
mobilenet0.75,onnxruntime_gpu_pascal,,1,24.03,,24.03,21.68,55.49,70.25,95.86517467248909
mobilenet0.75,onnxruntime_gpu_pascal,,2,60.83,,60.83,37.30,474.52,70.25,95.86517467248909
mobilenet0.75,onnxruntime_gpu_pascal,,4,91.57,,91.57,67.84,488.80,70.25,95.86517467248909
mobilenet0.75,onnxruntime_gpu_pascal,,8,147.66,,147.66,116.44,631.65,70.25,95.86517467248909
mobilenet1.0,onnxruntime_cpu,,1,633.13,,633.13,495.71,999.25,73.28,100.0
mobilenet1.0,onnxruntime_cpu,,2,1414.70,,1414.70,1202.46,1702.93,73.28,100.0
mobilenet1.0,onnxruntime_cpu,,4,2276.40,,2276.40,2001.57,2903.00,73.28,100.0
mobilenet1.0,onnxruntime_cpu,,8,4316.02,,4316.02,3701.83,5501.54,73.28,100.0
mobilenet1.0,onnxruntime_gpu_ampere,,1,25.87,,25.87,22.42,64.99,73.28,100.0
mobilenet1.0,onnxruntime_gpu_ampere,,2,75.46,,75.46,41.70,674.50,73.28,100.0
mobilenet1.0,onnxruntime_gpu_ampere,,4,108.93,,108.93,72.31,726.12,73.28,100.0
mobilenet1.0,onnxruntime_gpu_ampere,,8,154.25,,154.25,116.21,743.83,73.28,100.0
mobilenet1.0,onnxruntime_gpu_pascal,,1,23.36,,23.36,20.36,70.17,73.28,100.0
mobilenet1.0,onnxruntime_gpu_pascal,,2,64.42,,64.42,35.88,586.65,73.28,100.0
mobilenet1.0,onnxruntime_gpu_pascal,,4,97.78,,97.78,68.80,593.27,73.28,100.0
mobilenet1.0,onnxruntime_gpu_pascal,,8,154.65,,154.65,118.17,744.40,73.28,100.0
resnest14,onnxruntime_cpu,,1,776.35,,776.35,602.07,1507.98,75.75,89.61315509286644
resnest14,onnxruntime_cpu,,2,1970.26,,1970.26,1812.64,2296.96,75.75,89.61315509286644
resnest14,onnxruntime_cpu,,4,3159.88,,3159.88,2899.54,3802.70,75.75,89.61315509286644
resnest14,onnxruntime_cpu,,8,5705.84,,5705.84,5202.37,6394.42,75.75,89.61315509286644
resnest14,onnxruntime_gpu_ampere,,1,29.19,,29.19,24.39,64.85,75.75,89.61315509286644
resnest14,onnxruntime_gpu_ampere,,2,51.82,,51.82,42.56,163.39,75.75,89.61315509286644
resnest14,onnxruntime_gpu_ampere,,4,85.97,,85.97,76.70,222.96,75.75,89.61315509286644
resnest14,onnxruntime_gpu_ampere,,8,138.49,,138.49,125.78,308.97,75.75,89.61315509286644
resnest14,onnxruntime_gpu_pascal,,1,25.06,,25.06,21.68,59.33,75.75,89.61315509286644
resnest14,onnxruntime_gpu_pascal,,2,48.49,,48.49,40.10,177.10,75.75,89.61315509286644
resnest14,onnxruntime_gpu_pascal,,4,84.45,,84.45,76.91,182.01,75.75,89.61315509286644
resnest14,onnxruntime_gpu_pascal,,8,142.10,,142.10,131.78,273.12,75.75,89.61315509286644
resnest26,onnxruntime_cpu,,1,1039.92,,1039.92,889.98,1600.87,78.68,93.07938010173903
resnest26,onnxruntime_cpu,,2,2870.48,,2870.48,2601.29,4000.41,78.68,93.07938010173903
resnest26,onnxruntime_cpu,,4,4292.21,,4292.21,3904.59,4802.69,78.68,93.07938010173903
resnest26,onnxruntime_cpu,,8,7745.24,,7745.24,7002.48,8702.95,78.68,93.07938010173903
resnest26,onnxruntime_gpu_ampere,,1,33.01,,33.01,26.47,63.63,78.68,93.07938010173903
resnest26,onnxruntime_gpu_ampere,,2,55.90,,55.90,43.85,179.60,78.68,93.07938010173903
resnest26,onnxruntime_gpu_ampere,,4,92.98,,92.98,80.05,274.56,78.68,93.07938010173903
resnest26,onnxruntime_gpu_ampere,,8,147.66,,147.66,130.06,389.07,78.68,93.07938010173903
resnest26,onnxruntime_gpu_pascal,,1,29.37,,29.37,25.95,82.99,78.68,93.07938010173903
resnest26,onnxruntime_gpu_pascal,,2,55.25,,55.25,46.33,206.34,78.68,93.07938010173903
resnest26,onnxruntime_gpu_pascal,,4,91.46,,91.46,82.92,231.95,78.68,93.07938010173903
resnest26,onnxruntime_gpu_pascal,,8,153.90,,153.90,139.14,327.74,78.68,93.07938010173903
resnest269,onnxruntime_cpu,,1,6278.66,,6278.66,5199.23,9900.63,84.53,100.0
resnest269,onnxruntime_cpu,,2,20202.02,,20202.02,16745.38,24202.57,84.53,100.0
resnest269,onnxruntime_cpu,,4,27373.82,,27373.82,26001.54,29592.16,84.53,100.0
resnest269,onnxruntime_cpu,,8,44029.45,,44029.45,43000.78,46301.23,84.53,100.0
resnest269,onnxruntime_gpu_ampere,,1,86.39,,86.39,59.59,130.88,84.53,100.0
resnest269,onnxruntime_gpu_ampere,,2,140.02,,140.02,78.20,844.69,84.53,100.0
resnest269,onnxruntime_gpu_ampere,,4,182.00,,182.00,114.28,954.21,84.53,100.0
resnest269,onnxruntime_gpu_ampere,,8,249.51,,249.51,182.12,1299.19,84.53,100.0
resnest269,onnxruntime_gpu_pascal,,1,75.19,,75.19,59.22,114.44,84.53,100.0
resnest269,onnxruntime_gpu_pascal,,2,139.54,,139.54,108.82,688.10,84.53,100.0
resnest269,onnxruntime_gpu_pascal,,4,208.74,,208.74,167.34,952.02,84.53,100.0
resnest269,onnxruntime_gpu_pascal,,8,327.09,,327.09,270.19,1331.66,84.53,100.0
resnest50,onnxruntime_cpu,,1,2378.30,,2378.30,2099.02,4100.52,81.04,95.87128830001184
resnest50,onnxruntime_cpu,,2,6915.50,,6915.50,6502.42,7394.01,81.04,95.87128830001184
resnest50,onnxruntime_cpu,,4,10128.41,,10128.41,9594.65,11406.74,81.04,95.87128830001184
resnest50,onnxruntime_cpu,,8,16260.21,,16260.21,15201.56,17902.55,81.04,95.87128830001184
resnest50,onnxruntime_gpu_ampere,,1,41.00,,41.00,32.46,74.25,81.04,95.87128830001184
resnest50,onnxruntime_gpu_ampere,,2,68.29,,68.29,53.77,276.36,81.04,95.87128830001184
resnest50,onnxruntime_gpu_ampere,,4,104.59,,104.59,86.64,367.57,81.04,95.87128830001184
resnest50,onnxruntime_gpu_ampere,,8,161.27,,161.27,133.15,541.99,81.04,95.87128830001184
resnest50,onnxruntime_gpu_pascal,,1,34.47,,34.47,30.28,84.39,81.04,95.87128830001184
resnest50,onnxruntime_gpu_pascal,,2,64.10,,64.10,52.58,255.63,81.04,95.87128830001184
resnest50,onnxruntime_gpu_pascal,,4,102.72,,102.72,89.97,306.04,81.04,95.87128830001184
resnest50,onnxruntime_gpu_pascal,,8,173.49,,173.49,155.18,458.50,81.04,95.87128830001184
resnet101_v1,onnxruntime_cpu,,1,1666.81,,1666.81,1152.19,3354.53,78.34,98.88916940166625
resnet101_v1,onnxruntime_cpu,,2,6025.92,,6025.92,4866.88,7559.10,78.34,98.88916940166625
resnet101_v1,onnxruntime_cpu,,4,9293.26,,9293.26,8115.80,11002.65,78.34,98.88916940166625
resnet101_v1,onnxruntime_cpu,,8,16758.37,,16758.37,14099.60,21198.96,78.34,98.88916940166625
resnet101_v1,onnxruntime_gpu_ampere,,1,40.40,,40.40,31.70,75.56,78.34,98.88916940166625
resnet101_v1,onnxruntime_gpu_ampere,,2,71.31,,71.31,49.96,350.69,78.34,98.88916940166625
resnet101_v1,onnxruntime_gpu_ampere,,4,107.46,,107.46,80.81,434.50,78.34,98.88916940166625
resnet101_v1,onnxruntime_gpu_ampere,,8,162.87,,162.87,135.88,588.89,78.34,98.88916940166625
resnet101_v1,onnxruntime_gpu_pascal,,1,34.23,,34.23,30.59,89.94,78.34,98.88916940166625
resnet101_v1,onnxruntime_gpu_pascal,,2,60.61,,60.61,48.15,271.37,78.34,98.88916940166625
resnet101_v1,onnxruntime_gpu_pascal,,4,98.89,,98.89,83.74,338.18,78.34,98.88916940166625
resnet101_v1,onnxruntime_gpu_pascal,,8,159.99,,159.99,140.76,458.07,78.34,98.88916940166625
resnet152_v1,onnxruntime_cpu,,1,2334.37,,2334.37,1904.59,3404.37,79.22,100.0
resnet152_v1,onnxruntime_cpu,,2,16865.12,,16865.12,9767.98,21962.69,79.22,100.0
resnet152_v1,onnxruntime_cpu,,4,13498.41,,13498.41,11823.29,16627.87,79.22,100.0
resnet152_v1,onnxruntime_cpu,,8,22366.00,,22366.00,20646.97,26444.40,79.22,100.0
resnet152_v1,onnxruntime_gpu_ampere,,1,47.55,,47.55,39.12,81.27,79.22,100.0
resnet152_v1,onnxruntime_gpu_ampere,,2,82.31,,82.31,52.37,453.58,79.22,100.0
resnet152_v1,onnxruntime_gpu_ampere,,4,119.17,,119.17,90.66,555.29,79.22,100.0
resnet152_v1,onnxruntime_gpu_ampere,,8,173.01,,173.01,138.61,738.73,79.22,100.0
resnet152_v1,onnxruntime_gpu_pascal,,1,40.93,,40.93,36.73,77.54,79.22,100.0
resnet152_v1,onnxruntime_gpu_pascal,,2,71.61,,71.61,53.92,375.26,79.22,100.0
resnet152_v1,onnxruntime_gpu_pascal,,4,107.97,,107.97,92.11,386.53,79.22,100.0
resnet152_v1,onnxruntime_gpu_pascal,,8,181.76,,181.76,153.54,626.51,79.22,100.0
resnet18_v1,onnxruntime_cpu,,1,538.49,,538.49,408.20,852.23,70.93,89.5354708406968
resnet18_v1,onnxruntime_cpu,,2,948.84,,948.84,877.30,1097.91,70.93,89.5354708406968
resnet18_v1,onnxruntime_cpu,,4,1766.33,,1766.33,1501.32,2102.37,70.93,89.5354708406968
resnet18_v1,onnxruntime_cpu,,8,3351.02,,3351.02,3011.59,4099.31,70.93,89.5354708406968
resnet18_v1,onnxruntime_gpu_ampere,,1,27.81,,27.81,23.57,65.25,70.93,89.5354708406968
resnet18_v1,onnxruntime_gpu_ampere,,2,49.41,,49.41,42.80,149.10,70.93,89.5354708406968
resnet18_v1,onnxruntime_gpu_ampere,,4,83.26,,83.26,75.19,194.29,70.93,89.5354708406968
resnet18_v1,onnxruntime_gpu_ampere,,8,134.95,,134.95,122.56,280.88,70.93,89.5354708406968
resnet18_v1,onnxruntime_gpu_pascal,,1,23.21,,23.21,20.95,55.58,70.93,89.5354708406968
resnet18_v1,onnxruntime_gpu_pascal,,2,44.54,,44.54,36.10,154.37,70.93,89.5354708406968
resnet18_v1,onnxruntime_gpu_pascal,,4,76.99,,76.99,68.73,167.39,70.93,89.5354708406968
resnet18_v1,onnxruntime_gpu_pascal,,8,130.27,,130.27,119.82,248.95,70.93,89.5354708406968
resnet34_v1,onnxruntime_cpu,,1,863.85,,863.85,700.40,1293.06,74.37,93.8778086341833
resnet34_v1,onnxruntime_cpu,,2,1446.19,,1446.19,1225.42,1699.44,74.37,93.8778086341833
resnet34_v1,onnxruntime_cpu,,4,2866.17,,2866.17,2331.54,3302.15,74.37,93.8778086341833
resnet34_v1,onnxruntime_cpu,,8,6295.34,,6295.34,5706.81,7498.05,74.37,93.8778086341833
resnet34_v1,onnxruntime_gpu_ampere,,1,32.30,,32.30,24.14,67.30,74.37,93.8778086341833
resnet34_v1,onnxruntime_gpu_ampere,,2,54.28,,54.28,41.98,204.64,74.37,93.8778086341833
resnet34_v1,onnxruntime_gpu_ampere,,4,92.39,,92.39,77.32,260.12,74.37,93.8778086341833
resnet34_v1,onnxruntime_gpu_ampere,,8,142.31,,142.31,126.10,384.99,74.37,93.8778086341833
resnet34_v1,onnxruntime_gpu_pascal,,1,25.45,,25.45,23.10,55.89,74.37,93.8778086341833
resnet34_v1,onnxruntime_gpu_pascal,,2,50.01,,50.01,39.96,189.77,74.37,93.8778086341833
resnet34_v1,onnxruntime_gpu_pascal,,4,84.39,,84.39,74.36,223.56,74.37,93.8778086341833
resnet34_v1,onnxruntime_gpu_pascal,,8,138.39,,138.39,126.69,329.85,74.37,93.8778086341833
resnet50_v1,onnxruntime_cpu,,1,1035.10,,1035.10,760.24,1461.42,77.36,97.65210805352183
resnet50_v1,onnxruntime_cpu,,2,3324.71,,3324.71,2695.32,3785.61,77.36,97.65210805352183
resnet50_v1,onnxruntime_cpu,,4,4856.73,,4856.73,4024.07,5841.39,77.36,97.65210805352183
resnet50_v1,onnxruntime_cpu,,8,7938.26,,7938.26,7130.82,9343.26,77.36,97.65210805352183
resnet50_v1,onnxruntime_gpu_ampere,,1,32.62,,32.62,26.30,67.09,77.36,97.65210805352183
resnet50_v1,onnxruntime_gpu_ampere,,2,56.60,,56.60,44.72,218.79,77.36,97.65210805352183
resnet50_v1,onnxruntime_gpu_ampere,,4,94.92,,94.92,81.47,306.11,77.36,97.65210805352183
resnet50_v1,onnxruntime_gpu_ampere,,8,147.40,,147.40,125.36,443.70,77.36,97.65210805352183
resnet50_v1,onnxruntime_gpu_pascal,,1,26.72,,26.72,24.36,59.52,77.36,97.65210805352183
resnet50_v1,onnxruntime_gpu_pascal,,2,51.63,,51.63,42.18,201.67,77.36,97.65210805352183
resnet50_v1,onnxruntime_gpu_pascal,,4,86.20,,86.20,75.96,232.86,77.36,97.65210805352183
resnet50_v1,onnxruntime_gpu_pascal,,8,145.95,,145.95,128.77,351.11,77.36,97.65210805352183
